Tanggal,Nomor Surat,Perihal,Pengirim,Penerima,Keterangan
18 Agustus 2016,134/kep/2016,Pemberitahuan Libur,Budairi,Kasi Operasional,Pemberitahuan libur sementara untuk monitoring dan maintenance website dinas pendidikan kota Salatiga
18 Agustus 2016,134/kep/2016,Pemberitahuan Libur,Budairi,Kasi Operasional,Pemberitahuan libur sementara untuk monitoring dan maintenance website dinas pendidikan kota Salatiga
18 Agustus 2016,134/kep/2016,Pemberitahuan Libur,Budairi,Kasi Operasional,Pemberitahuan libur sementara untuk monitoring dan maintenance website dinas pendidikan kota Salatiga
18 Agustus 2016,134/kep/2016,Pemberitahuan Libur,Budairi,Kasi Operasional,Pemberitahuan libur sementara untuk monitoring dan maintenance website dinas pendidikan kota Salatiga
18 Agustus 2016,134/kep/2016,Pemberitahuan Libur,Budairi,Kasi Operasional,Pemberitahuan libur sementara untuk monitoring dan maintenance website dinas pendidikan kota Salatiga
18 Agustus 2016,134/kep/2016,Pemberitahuan Libur,Budairi,Kasi Operasional,Pemberitahuan libur sementara untuk monitoring dan maintenance website dinas pendidikan kota Salatiga
18 Agustus 2016,134/kep/2016,Pemberitahuan Libur,Budairi,Kasi Operasional,Pemberitahuan libur sementara untuk monitoring dan maintenance website dinas pendidikan kota Salatiga
18 Agustus 2016,134/kep/2016,Pemberitahuan Libur,Budairi,Kasi Operasional,Pemberitahuan libur sementara untuk monitoring dan maintenance website dinas pendidikan kota Salatiga
18 Agustus 2016,134/kep/2016,Pemberitahuan Libur,Budairi,Kasi Operasional,Pemberitahuan libur sementara untuk monitoring dan maintenance website dinas pendidikan kota Salatiga
18 Agustus 2016,134/kep/2016,Pemberitahuan Libur,Budairi,Kasi Operasional,Pemberitahuan libur sementara untuk monitoring dan maintenance website dinas pendidikan kota Salatiga
18 Agustus 2016,134/kep/2016,Pemberitahuan Libur,Budairi,Kasi Operasional,Pemberitahuan libur sementara untuk monitoring dan maintenance website dinas pendidikan kota Salatiga
18 Agustus 2016,134/kep/2016,Pemberitahuan Libur,Budairi,Kasi Operasional,Pemberitahuan libur sementara untuk monitoring dan maintenance website dinas pendidikan kota Salatiga
18 Agustus 2016,134/kep/2016,Pemberitahuan Libur,Budairi,Kasi Operasional,Pemberitahuan libur sementara untuk monitoring dan maintenance website dinas pendidikan kota Salatiga
18 Agustus 2016,134/kep/2016,Pemberitahuan Libur,Budairi,Kasi Operasional,Pemberitahuan libur sementara untuk monitoring dan maintenance website dinas pendidikan kota Salatiga
18 Agustus 2016,134/kep/2016,Pemberitahuan Libur,Budairi,Kasi Operasional,Pemberitahuan libur sementara untuk monitoring dan maintenance website dinas pendidikan kota Salatiga
18 Agustus 2016,134/kep/2016,Pemberitahuan Libur,Budairi,Kasi Operasional,Pemberitahuan libur sementara untuk monitoring dan maintenance website dinas pendidikan kota Salatiga
18 Agustus 2016,134/kep/2016,Pemberitahuan Libur,Budairi,Kasi Operasional,Pemberitahuan libur sementara untuk monitoring dan maintenance website dinas pendidikan kota Salatiga
18 Agustus 2016,134/kep/2016,Pemberitahuan Libur,Budairi,Kasi Operasional,Pemberitahuan libur sementara untuk monitoring dan maintenance website dinas pendidikan kota Salatiga
18 Agustus 2016,134/kep/2016,Pemberitahuan Libur,Budairi,Kasi Operasional,Pemberitahuan libur sementara untuk monitoring dan maintenance website dinas pendidikan kota Salatiga
18 Agustus 2016,134/kep/2016,Pemberitahuan Libur,Budairi,Kasi Operasional,Pemberitahuan libur sementara untuk monitoring dan maintenance website dinas pendidikan kota Salatiga
18 Agustus 2016,134/kep/2016,Pemberitahuan Libur,Budairi,Kasi Operasional,Pemberitahuan libur sementara untuk monitoring dan maintenance website dinas pendidikan kota Salatiga
18 Agustus 2016,134/kep/2016,Pemberitahuan Libur,Budairi,Kasi Operasional,Pemberitahuan libur sementara untuk monitoring dan maintenance website dinas pendidikan kota Salatiga
18 Agustus 2016,134/kep/2016,Pemberitahuan Libur,Budairi,Kasi Operasional,Pemberitahuan libur sementara untuk monitoring dan maintenance website dinas pendidikan kota Salatiga
18 Agustus 2016,134/kep/2016,Pemberitahuan Libur,Budairi,Kasi Operasional,Pemberitahuan libur sementara untuk monitoring dan maintenance website dinas pendidikan kota Salatiga
18 Agustus 2016,134/kep/2016,Pemberitahuan Libur,Budairi,Kasi Operasional,Pemberitahuan libur sementara untuk monitoring dan maintenance website dinas pendidikan kota Salatiga
18 Agustus 2016,134/kep/2016,Pemberitahuan Libur,Budairi,Kasi Operasional,Pemberitahuan libur sementara untuk monitoring dan maintenance website dinas pendidikan kota Salatiga
18 Agustus 2016,134/kep/2016,Pemberitahuan Libur,Budairi,Kasi Operasional,Pemberitahuan libur sementara untuk monitoring dan maintenance website dinas pendidikan kota Salatiga
18 Agustus 2016,134/kep/2016,Pemberitahuan Libur,Budairi,Kasi Operasional,Pemberitahuan libur sementara untuk monitoring dan maintenance website dinas pendidikan kota Salatiga
18 Agustus 2016,134/kep/2016,Pemberitahuan Libur,Budairi,Kasi Operasional,Pemberitahuan libur sementara untuk monitoring dan maintenance website dinas pendidikan kota Salatiga
18 Agustus 2016,134/kep/2016,Pemberitahuan Libur,Budairi,Kasi Operasional,Pemberitahuan libur sementara untuk monitoring dan maintenance website dinas pendidikan kota Salatiga
18 Agustus 2016,134/kep/2016,Pemberitahuan Libur,Budairi,Kasi Operasional,Pemberitahuan libur sementara untuk monitoring dan maintenance website dinas pendidikan kota Salatiga
18 Agustus 2016,134/kep/2016,Pemberitahuan Libur,Budairi,Kasi Operasional,Pemberitahuan libur sementara untuk monitoring dan maintenance website dinas pendidikan kota Salatiga
18 Agustus 2016,134/kep/2016,Pemberitahuan Libur,Budairi,Kasi Operasional,Pemberitahuan libur sementara untuk monitoring dan maintenance website dinas pendidikan kota Salatiga
18 Agustus 2016,134/kep/2016,Pemberitahuan Libur,Budairi,Kasi Operasional,Pemberitahuan libur sementara untuk monitoring dan maintenance website dinas pendidikan kota Salatiga
18 Agustus 2016,134/kep/2016,Pemberitahuan Libur,Budairi,Kasi Operasional,Pemberitahuan libur sementara untuk monitoring dan maintenance website dinas pendidikan kota Salatiga
18 Agustus 2016,134/kep/2016,Pemberitahuan Libur,Budairi,Kasi Operasional,Pemberitahuan libur sementara untuk monitoring dan maintenance website dinas pendidikan kota Salatiga
18 Agustus 2016,134/kep/2016,Pemberitahuan Libur,Budairi,Kasi Operasional,Pemberitahuan libur sementara untuk monitoring dan maintenance website dinas pendidikan kota Salatiga
18 Agustus 2016,134/kep/2016,Pemberitahuan Libur,Budairi,Kasi Operasional,Pemberitahuan libur sementara untuk monitoring dan maintenance website dinas pendidikan kota Salatiga
18 Agustus 2016,134/kep/2016,Pemberitahuan Libur,Budairi,Kasi Operasional,Pemberitahuan libur sementara untuk monitoring dan maintenance website dinas pendidikan kota Salatiga
18 Agustus 2016,134/kep/2016,Pemberitahuan Libur,Budairi,Kasi Operasional,Pemberitahuan libur sementara untuk monitoring dan maintenance website dinas pendidikan kota Salatiga
18 Agustus 2016,134/kep/2016,Pemberitahuan Libur,Budairi,Kasi Operasional,Pemberitahuan libur sementara untuk monitoring dan maintenance website dinas pendidikan kota Salatiga
18 Agustus 2016,134/kep/2016,Pemberitahuan Libur,Budairi,Kasi Operasional,Pemberitahuan libur sementara untuk monitoring dan maintenance website dinas pendidikan kota Salatiga
18 Agustus 2016,134/kep/2016,Pemberitahuan Libur,Budairi,Kasi Operasional,Pemberitahuan libur sementara untuk monitoring dan maintenance website dinas pendidikan kota Salatiga
18 Agustus 2016,134/kep/2016,Pemberitahuan Libur,Budairi,Kasi Operasional,Pemberitahuan libur sementara untuk monitoring dan maintenance website dinas pendidikan kota Salatiga
18 Agustus 2016,134/kep/2016,Pemberitahuan Libur,Budairi,Kasi Operasional,Pemberitahuan libur sementara untuk monitoring dan maintenance website dinas pendidikan kota Salatiga
18 Agustus 2016,134/kep/2016,Pemberitahuan Libur,Budairi,Kasi Operasional,Pemberitahuan libur sementara untuk monitoring dan maintenance website dinas pendidikan kota Salatiga
18 Agustus 2016,134/kep/2016,Pemberitahuan Libur,Budairi,Kasi Operasional,Pemberitahuan libur sementara untuk monitoring dan maintenance website dinas pendidikan kota Salatiga
18 Agustus 2016,134/kep/2016,Pemberitahuan Libur,Budairi,Kasi Operasional,Pemberitahuan libur sementara untuk monitoring dan maintenance website dinas pendidikan kota Salatiga
18 Agustus 2016,134/kep/2016,Pemberitahuan Libur,Budairi,Kasi Operasional,Pemberitahuan libur sementara untuk monitoring dan maintenance website dinas pendidikan kota Salatiga
18 Agustus 2016,134/kep/2016,Pemberitahuan Libur,Budairi,Kasi Operasional,Pemberitahuan libur sementara untuk monitoring dan maintenance website dinas pendidikan kota Salatiga
18 Agustus 2016,134/kep/2016,Pemberitahuan Libur,Budairi,Kasi Operasional,Pemberitahuan libur sementara untuk monitoring dan maintenance website dinas pendidikan kota Salatiga
18 Agustus 2016,134/kep/2016,Pemberitahuan Libur,Budairi,Kasi Operasional,Pemberitahuan libur sementara untuk monitoring dan maintenance website dinas pendidikan kota Salatiga
18 Agustus 2016,134/kep/2016,Pemberitahuan Libur,Budairi,Kasi Operasional,Pemberitahuan libur sementara untuk monitoring dan maintenance website dinas pendidikan kota Salatiga
18 Agustus 2016,134/kep/2016,Pemberitahuan Libur,Budairi,Kasi Operasional,Pemberitahuan libur sementara untuk monitoring dan maintenance website dinas pendidikan kota Salatiga
18 Agustus 2016,134/kep/2016,Pemberitahuan Libur,Budairi,Kasi Operasional,Pemberitahuan libur sementara untuk monitoring dan maintenance website dinas pendidikan kota Salatiga
18 Agustus 2016,134/kep/2016,Pemberitahuan Libur,Budairi,Kasi Operasional,Pemberitahuan libur sementara untuk monitoring dan maintenance website dinas pendidikan kota Salatiga
18 Agustus 2016,134/kep/2016,Pemberitahuan Libur,Budairi,Kasi Operasional,Pemberitahuan libur sementara untuk monitoring dan maintenance website dinas pendidikan kota Salatiga
